no,filename,key,product,category,kind,in_stock,stock,price_thb,subject
1,onionring.jpg,onionring,onion ring,Food,food,YES,4999,150.00,"onion ring plated on dark ceramic seen from a high angle, fresh and steaming, styled like a bar-kitchen menu photograph"
2,stashproyukilighters.jpg,stashproyukilighters,Stash-Pro Yuki lighters,Equipment,gear,YES,193,120.00,"Stash-Pro Yuki lighters, a piece of smoking equipment, standing upright with its material and finish clearly readable"
3,rawblackkingsize.jpg,rawblackkingsize,RAW Black Kingsize,Equipment,gear,YES,107,100.00,"RAW Black Kingsize, a piece of smoking equipment, standing upright with its material and finish clearly readable"
4,dankziplockbag.jpg,dankziplockbag,Dank Zip Lock Bag,Equipment,gear,YES,96,10.00,"Dank Zip Lock Bag, a piece of smoking equipment, standing upright with its material and finish clearly readable"
5,doinkscone.jpg,doinkscone,Doinks cone,Accessories,preroll,YES,95,100.00,"a single cannabis pre-roll joint at a slight diagonal, unlit, clean white paper with a neat tip, a small mound of freshly ground green flower beside it"
6,dankgrinderplastic24pcs1pack.jpg,dankgrinderplastic24pcs1pack,Dank Grinder plastic 24pcs / 1 pack,Accessories,gear,YES,85,150.00,"Dank Grinder plastic 24pcs / 1 pack, a piece of smoking equipment, standing upright with its material and finish clearly readable"
7,icecreametesizexl.jpg,icecreametesizexl,Ice Cream Ete size XL,Snack,food,YES,73,80.00,"Ice Cream Ete size XL plated on dark ceramic seen from a high angle, fresh and steaming, styled like a bar-kitchen menu photograph"
8,slimjim5flavor3in1.jpg,slimjim5flavor3in1,Slim Jim 5 Flavor 3 in 1,Accessories,gear,YES,71,250.00,"Slim Jim 5 Flavor 3 in 1, a piece of smoking equipment, standing upright with its material and finish clearly readable"
9,slimjimpaperandtips.jpg,slimjimpaperandtips,Slimjim Paper and Tips,,gear,YES,69,300.00,"Slimjim Paper and Tips, a piece of smoking equipment, standing upright with its material and finish clearly readable"
10,stashprolighter.jpg,stashprolighter,Stash pro Lighter,Equipment,gear,YES,69,100.00,"Stash pro Lighter, a piece of smoking equipment, standing upright with its material and finish clearly readable"
11,kamagra.jpg,kamagra,Kamagra,Edible,edible,YES,67,150.00,"Kamagra, a cannabis edible, on a small dark slate plate with a few pieces arranged so the texture reads clearly"
12,teatime.jpg,teatime,Tea Time,Exotics,flower,YES,59.39,800.00,"one premium cannabis bud standing upright, dense and compact, thickly frosted with sugary trichomes, bright orange pistils curling through the bright lime-green leaves. Strain: Tea Time (Hybrid, THC 28-30%), tasting of candy, citrus, pine"
13,dankcapgreen.jpg,dankcapgreen,Dank cap green,Accessories,gear,YES,59,420.00,"Dank cap green, a piece of smoking equipment, standing upright with its material and finish clearly readable"
14,permanentbx1.jpg,permanentbx1,Permanent Bx1,Exotics,flower,YES,56.01,800.00,"one premium cannabis bud standing upright, dense and compact, thickly frosted with sugary trichomes, bright orange pistils curling through the green leaves. Strain: Permanent Bx1 (Indica-dominant Hybrid, THC 26-29%), tasting of gas, candy, floral"
15,icecreametesizel.jpg,icecreametesizel,Ice Cream Ete Size L,Snack,food,YES,51,60.00,"Ice Cream Ete Size L plated on dark ceramic seen from a high angle, fresh and steaming, styled like a bar-kitchen menu photograph"
16,cappuccino.jpg,cappuccino,Cappuccino,Drink,drink,YES,50,120.00,"Cappuccino served in the glass it belongs in, condensation on the glass, garnish if it has one, fresh and cold"
17,grape.jpg,grape,Grape,Drink,drink,YES,50,150.00,"Grape served in the glass it belongs in, condensation on the glass, garnish if it has one, fresh and cold"
18,greentea.jpg,greentea,Green Tea,Drink,drink,YES,50,100.00,"Green Tea served in the glass it belongs in, condensation on the glass, garnish if it has one, fresh and cold"
19,honeylemon.jpg,honeylemon,Honey - Lemon,Drink,drink,YES,50,150.00,"Honey - Lemon served in the glass it belongs in, condensation on the glass, garnish if it has one, fresh and cold"
20,icelemontea.jpg,icelemontea,Ice Lemon Tea,Drink,drink,YES,50,50.00,"Ice Lemon Tea served in the glass it belongs in, condensation on the glass, garnish if it has one, fresh and cold"
21,latte.jpg,latte,Latte,Drink,drink,YES,50,120.00,"Latte served in the glass it belongs in, condensation on the glass, garnish if it has one, fresh and cold"
22,lychee.jpg,lychee,Lychee,Drink,drink,YES,50,150.00,"Lychee served in the glass it belongs in, condensation on the glass, garnish if it has one, fresh and cold"
23,mocha.jpg,mocha,Mocha,Drink,drink,YES,50,120.00,"Mocha served in the glass it belongs in, condensation on the glass, garnish if it has one, fresh and cold"
24,orange.jpg,orange,Orange,Drink,drink,YES,50,100.00,"Orange served in the glass it belongs in, condensation on the glass, garnish if it has one, fresh and cold"
25,peach.jpg,peach,Peach,Drink,drink,YES,50,100.00,"Peach served in the glass it belongs in, condensation on the glass, garnish if it has one, fresh and cold"
26,strawberry.jpg,strawberry,Straw Berry,Drink,drink,YES,50,150.00,"Straw Berry served in the glass it belongs in, condensation on the glass, garnish if it has one, fresh and cold"
27,thaitea.jpg,thaitea,Thai Tea,Drink,drink,YES,50,100.00,"Thai Tea served in the glass it belongs in, condensation on the glass, garnish if it has one, fresh and cold"
28,chocolate.jpg,chocolate,Chocolate,Drink,drink,YES,49,150.00,"Chocolate served in the glass it belongs in, condensation on the glass, garnish if it has one, fresh and cold"
29,cookiesncream.jpg,cookiesncream,Cookies N Cream,Drink,drink,YES,49,150.00,"Cookies N Cream served in the glass it belongs in, condensation on the glass, garnish if it has one, fresh and cold"
30,gummies100mg.jpg,gummies100mg,Gummies 100mg ( 3flavor ),Edible,edible,YES,49,400.00,"Gummies 100mg ( 3flavor ), a cannabis edible, on a small dark slate plate with a few pieces arranged so the texture reads clearly"
31,reesespeanutbutter.jpg,reesespeanutbutter,Reese's Peanut Butter,Drink,drink,YES,49,150.00,"Reese's Peanut Butter served in the glass it belongs in, condensation on the glass, garnish if it has one, fresh and cold"
32,espresso.jpg,espresso,Espresso,Drink,drink,YES,48,80.00,"Espresso served in the glass it belongs in, condensation on the glass, garnish if it has one, fresh and cold"
33,mango.jpg,mango,Mango,Drink,drink,YES,48,150.00,"Mango served in the glass it belongs in, condensation on the glass, garnish if it has one, fresh and cold"
34,rawwidetips.jpg,rawwidetips,RAW Wide Tips,Equipment,gear,YES,48,80.00,"RAW Wide Tips, a piece of smoking equipment, standing upright with its material and finish clearly readable"
35,blueberry.jpg,blueberry,Blueberry,Drink,drink,YES,47,100.00,"Blueberry served in the glass it belongs in, condensation on the glass, garnish if it has one, fresh and cold"
36,wildcherry.jpg,wildcherry,Wild Cherry,Exotics,flower,YES,45.32,800.00,"one premium cannabis bud standing upright, dense and compact, thickly frosted with sugary trichomes, bright orange pistils curling through the deep purple-green leaves. Strain: Wild Cherry (Sativa-dominant Hybrid, THC 23-29%), tasting of cherry, berry, sweet"
37,backwoodpack.jpg,backwoodpack,Backwood pack,Blunt,blunt,YES,41.4,750.00,"a single cannabis blunt, unlit, in a dark tobacco leaf wrap with a visible seam, two whole buds behind it slightly out of focus"
38,americano.jpg,americano,Americano,Drink,drink,YES,38,60.00,"Americano served in the glass it belongs in, condensation on the glass, garnish if it has one, fresh and cold"
39,lemoncherrybx2.jpg,lemoncherrybx2,lemon cherry bx2,Pre-Roll,preroll,YES,37.69,400.00,"a single cannabis pre-roll joint at a slight diagonal, unlit, clean white paper with a neat tip, a small mound of freshly ground green with a red-purple blush flower beside it. Strain: lemon cherry bx2 (Indica-dominant Hybrid, THC 24-28%), tasting of citrus, cherry, cream"
40,brownie50mg.jpg,brownie50mg,Brownie 50 Mg,Edible,edible,YES,36,350.00,"Brownie 50 Mg, a cannabis edible, on a small dark slate plate with a few pieces arranged so the texture reads clearly"
41,prerolldank.jpg,prerolldank,Pre-Roll DANK,Equipment,preroll,YES,34,10.00,"a single cannabis pre-roll joint at a slight diagonal, unlit, clean white paper with a neat tip, a small mound of freshly ground green flower beside it"
42,malibumarker.jpg,malibumarker,Malibu Marker,Weed,flower,YES,33,800.00,"one premium cannabis bud standing upright, dense and compact, thickly frosted with sugary trichomes, bright orange pistils curling through the green leaves"
43,prerolldank800pcs.jpg,prerolldank800pcs,Pre roll Dank 800pcs ( 1box ),Accessories,preroll,YES,29,4000.00,"a single cannabis pre-roll joint at a slight diagonal, unlit, clean white paper with a neat tip, a small mound of freshly ground green flower beside it"
44,elementsultrathinpaperskingsize.jpg,elementsultrathinpaperskingsize,Elements Ultra Thin Papers Kingsize,Accessories,gear,YES,27,100.00,"Elements Ultra Thin Papers Kingsize, a piece of smoking equipment, standing upright with its material and finish clearly readable"
45,longanjuice.jpg,longanjuice,Longan juice/ น้ำลำใย,Drink,drink,YES,27,50.00,"Longan juice/ น้ำลำใย served in the glass it belongs in, condensation on the glass, garnish if it has one, fresh and cold"
46,muhamed2000mg.jpg,muhamed2000mg,Muhamed 2000 mg,Vape,vape,YES,27,2500.00,"one sleek cannabis vape cartridge standing upright, amber oil visible through a small glass window, a soft reflection beneath it"
47,bluelobsterhash.jpg,bluelobsterhash,Blue Lobster Hash,Concentrate,concentrate,YES,25.5,700.00,"a small clear glass jar of cannabis concentrate, a metal dab tool lifting a thick glossy amber strand, the resin glowing warm where light passes through"
48,sfvxadl.jpg,sfvxadl,SFV x ADL,Exotics,flower,YES,21.82,800.00,"one premium cannabis bud standing upright, dense and compact, thickly frosted with sugary trichomes, bright orange pistils curling through the green leaves. Strain: SFV x ADL (Hybrid)"
49,bongdownstem1213517cm.jpg,bongdownstem1213517cm,"Bong DownStem 12 , 13.5 , 17 cm",Accessories,gear,YES,21,100.00,"Bong DownStem 12 , 13.5 , 17 cm, a piece of smoking equipment, standing upright with its material and finish clearly readable"
50,hiddenhills1000mg.jpg,hiddenhills1000mg,Hidden Hills 1000Mg,Edible,edible,YES,21,800.00,"Hidden Hills 1000Mg, a cannabis edible, on a small dark slate plate with a few pieces arranged so the texture reads clearly"
51,switch3in1.jpg,switch3in1,Switch 3in 1,Vape,vape,YES,20,2700.00,"one sleek cannabis vape cartridge standing upright, amber oil visible through a small glass window, a soft reflection beneath it"
52,bamboopaper.jpg,bamboopaper,Bamboo paper,Equipment,gear,YES,19,,"Bamboo paper, a piece of smoking equipment, standing upright with its material and finish clearly readable"
53,cibidcbdsoda3flavors.jpg,cibidcbdsoda3flavors,CIBID CBD SODA 3 Flavors,Drink,drink,YES,19,120.00,"CIBID CBD SODA 3 Flavors served in the glass it belongs in, condensation on the glass, garnish if it has one, fresh and cold"
54,geminiricekrispies160mg.jpg,geminiricekrispies160mg,Gemini Rice krispies 160 mg,Edible,food,YES,19,600.00,"Gemini Rice krispies 160 mg plated on dark ceramic seen from a high angle, fresh and steaming, styled like a bar-kitchen menu photograph"
55,softdrink.jpg,softdrink,"Soft Drink ( Coke , Fanta , Schweppes, Sprite A&W  )",Drink,drink,YES,19,40.00,"Soft Drink ( Coke , Fanta , Schweppes, Sprite A&W  ) served in the glass it belongs in, condensation on the glass, garnish if it has one, fresh and cold"
56,picmigummiesfruitpunch5000mg.jpg,picmigummiesfruitpunch5000mg,picmi gummies fruit punch 5000 mg,Edible,edible,YES,18,3500.00,"picmi gummies fruit punch 5000 mg, a cannabis edible, on a small dark slate plate with a few pieces arranged so the texture reads clearly"
57,bonglsize.jpg,bonglsize,Bong L size ( 40 cm ),Accessories,gear,YES,17,1200.00,"Bong L size ( 40 cm ), a piece of smoking equipment, standing upright with its material and finish clearly readable"
58,gummy250mgedibleland.jpg,gummy250mgedibleland,Gummy 250 mg edible land,Edible,edible,YES,17,600.00,"Gummy 250 mg edible land, a cannabis edible, on a small dark slate plate with a few pieces arranged so the texture reads clearly"
59,kifecherryinferno.jpg,kifecherryinferno,Kife Cherry Inferno,Concentrate,concentrate,YES,17,500.00,"a small clear glass jar of cannabis concentrate, a metal dab tool lifting a thick glossy amber strand, the resin glowing warm where light passes through"
60,zourz.jpg,zourz,Zour Z,Exotics,flower,YES,15.99,800.00,"one premium cannabis bud standing upright, dense and compact, thickly frosted with sugary trichomes, bright orange pistils curling through the bright lime-green leaves. Strain: Zour Z (Sativa-dominant Hybrid, THC 17%), tasting of diesel, lemon, chemical"
61,ogkushxzkittlesoriginal.jpg,ogkushxzkittlesoriginal,OG Kush x Zkittles Original,Top Shelf,flower,YES,15.25,600.00,"one premium cannabis bud standing upright, dense and compact, thickly frosted with sugary trichomes, bright orange pistils curling through the deep purple-green leaves. Strain: OG Kush x Zkittles Original (Hybrid, THC 18-22%), tasting of berry, blueberry, pineapple"
62,polkadotmushroomschocolate.jpg,polkadotmushroomschocolate,PolkaDot mushrooms chocolate,Edible,edible,YES,15,4000.00,"PolkaDot mushrooms chocolate, a cannabis edible, on a small dark slate plate with a few pieces arranged so the texture reads clearly"
63,stashprosmallpaper.jpg,stashprosmallpaper,Stash-pro small paper,Equipment,gear,YES,15,70.00,"Stash-pro small paper, a piece of smoking equipment, standing upright with its material and finish clearly readable"
64,ocpophash.jpg,ocpophash,OC Pop Hash,Concentrate,concentrate,YES,14.5,700.00,"a small clear glass jar of cannabis concentrate, a metal dab tool lifting a thick glossy amber strand, the resin glowing warm where light passes through"
65,blunt20gwax03g.jpg,blunt20gwax03g,Blunt 2.0 g + wax0.3g,Pre-Roll,blunt,YES,14,1800.00,"a single cannabis blunt, unlit, in a dark tobacco leaf wrap with a visible seam, two whole buds behind it slightly out of focus"
66,blacksugarcanejuice.jpg,blacksugarcanejuice,Black Sugarcane Juice,Drink,drink,YES,13,60.00,"Black Sugarcane Juice served in the glass it belongs in, condensation on the glass, garnish if it has one, fresh and cold"
67,route69.jpg,route69,Route 69,Top Shelf,flower,YES,12.34,600.00,"one premium cannabis bud standing upright, dense and compact, thickly frosted with sugary trichomes, bright orange pistils curling through the green leaves"
68,diamondsthc.jpg,diamondsthc,Diamonds THC,Concentrate,concentrate,YES,12,2000.00,"a small clear glass jar of cannabis concentrate, a metal dab tool lifting a thick glossy amber strand, the resin glowing warm where light passes through"
69,doinksglue.jpg,doinksglue,Doinks glue,Equipment,gear,YES,12,350.00,"Doinks glue, a piece of smoking equipment, standing upright with its material and finish clearly readable"
70,metalashtray9lives.jpg,metalashtray9lives,Metal Ashtray 9 lives,Equipment,gear,YES,12,150.00,"Metal Ashtray 9 lives, a piece of smoking equipment, standing upright with its material and finish clearly readable"
71,gemsnowpineappleexpress.jpg,gemsnowpineappleexpress,Gem Snow Pineapple Express,Exotics,flower,YES,11.02,950.00,"one premium cannabis bud standing upright, dense and compact, thickly frosted with sugary trichomes, bright orange pistils curling through the bright lime-green leaves. Strain: Gem Snow Pineapple Express (Sativa-dominant Hybrid, THC 18-26%), tasting of pineapple, citrus, pine"
72,fuzzies07g.jpg,fuzzies07g,Fuzzies 0.7 G,joint,preroll,YES,11,700.00,"a single cannabis pre-roll joint at a slight diagonal, unlit, clean white paper with a neat tip, a small mound of freshly ground green flower beside it"
73,hashtrippleburger.jpg,hashtrippleburger,Hash Tripple Burger,Concentrate,concentrate,YES,11,500.00,"a small clear glass jar of cannabis concentrate, a metal dab tool lifting a thick glossy amber strand, the resin glowing warm where light passes through"
74,danktshirtnewedition.jpg,danktshirtnewedition,Dank T Shirt. New edition,Accessories,gear,YES,10,490.00,"Dank T Shirt. New edition, a piece of smoking equipment, standing upright with its material and finish clearly readable"
75,hashrockets1g.jpg,hashrockets1g,Hash Rockets 1G,joint,preroll,YES,10,1000.00,"a single cannabis pre-roll joint at a slight diagonal, unlit, clean white paper with a neat tip, a small mound of freshly ground green flower beside it"
76,mushroomsoup.jpg,mushroomsoup,Mushroom Soup,Food,food,YES,10,180.00,"Mushroom Soup plated on dark ceramic seen from a high angle, fresh and steaming, styled like a bar-kitchen menu photograph"
77,pennysliverosin.jpg,pennysliverosin,Penny’s Live Rosin,Concentrate,concentrate,YES,10,2500.00,"a small clear glass jar of cannabis concentrate, a metal dab tool lifting a thick glossy amber strand, the resin glowing warm where light passes through"
78,pumpkinsoup.jpg,pumpkinsoup,pumpkin soup,Food,food,YES,10,180.00,"pumpkin soup plated on dark ceramic seen from a high angle, fresh and steaming, styled like a bar-kitchen menu photograph"
79,rawclassic14tip.jpg,rawclassic14tip,Raw Classic 1/4  + Tip,Accessories,gear,YES,10,120.00,"Raw Classic 1/4  + Tip, a piece of smoking equipment, standing upright with its material and finish clearly readable"
80,scrambleegg.jpg,scrambleegg,Scramble Egg,Food,food,YES,10,180.00,"Scramble Egg plated on dark ceramic seen from a high angle, fresh and steaming, styled like a bar-kitchen menu photograph"
81,hashkushcookiesfullspec.jpg,hashkushcookiesfullspec,Hash Kush Cookies Full Spec,Concentrate,concentrate,YES,9,600.00,"a small clear glass jar of cannabis concentrate, a metal dab tool lifting a thick glossy amber strand, the resin glowing warm where light passes through"
82,icecreametestick.jpg,icecreametestick,Ice Cream Ete Stick,Snack,food,YES,9,40.00,"Ice Cream Ete Stick plated on dark ceramic seen from a high angle, fresh and steaming, styled like a bar-kitchen menu photograph"
83,rawtip.jpg,rawtip,raw tip,Equipment,gear,YES,9,50.00,"raw tip, a piece of smoking equipment, standing upright with its material and finish clearly readable"
84,monsterenergy.jpg,monsterenergy,Monster Energy,Drink,drink,YES,8,80.00,"Monster Energy served in the glass it belongs in, condensation on the glass, garnish if it has one, fresh and cold"
85,nolabarnicvape.jpg,nolabarnicvape,NOLA BAR NIC VAPE,Nicotine,vape,YES,8,350.00,"one sleek cannabis vape cartridge standing upright, amber oil visible through a small glass window, a soft reflection beneath it"
86,sourbelt1piece.jpg,sourbelt1piece,sour belt 1 piece,Edible,edible,YES,8,350.00,"sour belt 1 piece, a cannabis edible, on a small dark slate plate with a few pieces arranged so the texture reads clearly"
87,bowlglass.jpg,bowlglass,Bowl glass,Equipment,gear,YES,7,100.00,"Bowl glass, a piece of smoking equipment, standing upright with its material and finish clearly readable"
88,pt33.jpg,pt33,Pt.33,,other,YES,7,300.00,"Pt.33, presented simply so the product itself is unmistakable"
89,slimjimpocketspp.jpg,slimjimpocketspp,slimjim pockets pp,Accessories,gear,YES,7,150.00,"slimjim pockets pp, a piece of smoking equipment, standing upright with its material and finish clearly readable"
90,taco.jpg,taco,Taco,Food,food,YES,7,200.00,"Taco plated on dark ceramic seen from a high angle, fresh and steaming, styled like a bar-kitchen menu photograph"
91,zynnicotinelow.jpg,zynnicotinelow,Zyn nicotine low,Nicotine,nicotine,YES,7,300.00,"Zyn nicotine low standing upright, its shape and proportions clearly readable"
92,bacon.jpg,bacon,bacon,Food,food,YES,6,100.00,"bacon plated on dark ceramic seen from a high angle, fresh and steaming, styled like a bar-kitchen menu photograph"
93,castowncraftsodamixflavors.jpg,castowncraftsodamixflavors,Castown craft soda mix flavors,Drink,drink,YES,6,100.00,"Castown craft soda mix flavors served in the glass it belongs in, condensation on the glass, garnish if it has one, fresh and cold"
94,quesadilla.jpg,quesadilla,Quesadilla,Food,food,YES,6,200.00,"Quesadilla plated on dark ceramic seen from a high angle, fresh and steaming, styled like a bar-kitchen menu photograph"
95,beerthai.jpg,beerthai,"Beer Thai (Chang,Singha,Leo)",Beer,beer,YES,5,150.00,"Beer Thai (Chang,Singha,Leo) poured into a clean glass beside its chilled can, a good head on the beer, condensation on both"
96,brrberrykief.jpg,brrberrykief,BRR Berry Kief,Concentrate,concentrate,YES,5,500.00,"a small clear glass jar of cannabis concentrate, a metal dab tool lifting a thick glossy amber strand, the resin glowing warm where light passes through"
97,cbdforcats150mg.jpg,cbdforcats150mg,Cbd For Cats 150 Mg,CBD,cbd,YES,5,990.00,"Cbd For Cats 150 Mg, a CBD wellness product, standing upright with its form clearly readable"
98,cigarweed2g.jpg,cigarweed2g,Cigar weed 2g,joint,preroll,YES,5,1500.00,"a single cannabis pre-roll joint at a slight diagonal, unlit, clean white paper with a neat tip, a small mound of freshly ground green flower beside it"
99,coconutjuice400ml.jpg,coconutjuice400ml,Coconut Juice 400 Ml.,Drink,drink,YES,5,100.00,"Coconut Juice 400 Ml. served in the glass it belongs in, condensation on the glass, garnish if it has one, fresh and cold"
100,doinksrollingglue.jpg,doinksrollingglue,Doinks Rolling Glue,Equipment,gear,YES,5,350.00,"Doinks Rolling Glue, a piece of smoking equipment, standing upright with its material and finish clearly readable"
101,doubleburger.jpg,doubleburger,Double Burger,Food,food,YES,5,300.00,"Double Burger plated on dark ceramic seen from a high angle, fresh and steaming, styled like a bar-kitchen menu photograph"
102,geminilastbite.jpg,geminilastbite,gemini last bite,Edible,edible,YES,5,600.00,"gemini last bite, a cannabis edible, on a small dark slate plate with a few pieces arranged so the texture reads clearly"
103,mimosaorangekief.jpg,mimosaorangekief,Mimosa Orange Kief,Concentrate,concentrate,YES,5,500.00,"a small clear glass jar of cannabis concentrate, a metal dab tool lifting a thick glossy amber strand, the resin glowing warm where light passes through"
104,sugartitskief.jpg,sugartitskief,Sugar Tits Kief,Concentrate,concentrate,YES,5,500.00,"a small clear glass jar of cannabis concentrate, a metal dab tool lifting a thick glossy amber strand, the resin glowing warm where light passes through"
105,whalecan.jpg,whalecan,Whale Can,Beer,beer,YES,5,250.00,"Whale Can poured into a clean glass beside its chilled can, a good head on the beer, condensation on both"
106,cannopicbdsoothingoil10mg.jpg,cannopicbdsoothingoil10mg,Cannopi Cbd soothing oil 10mg,CBD,cbd,YES,4,490.00,"Cannopi Cbd soothing oil 10mg, a CBD wellness product, standing upright with its form clearly readable"
107,chickenicecreamwaffle.jpg,chickenicecreamwaffle,Chicken / Icecream Waffle,Food,food,YES,4,250.00,"Chicken / Icecream Waffle plated on dark ceramic seen from a high angle, fresh and steaming, styled like a bar-kitchen menu photograph"
108,grindercartoon.jpg,grindercartoon,Grinder Cartoon,Accessories,vape,YES,4,700.00,"one sleek cannabis vape cartridge standing upright, amber oil visible through a small glass window, a soft reflection beneath it"
109,honeylagercan.jpg,honeylagercan,honey lager can,Beer,beer,YES,4,200.00,"honey lager can poured into a clean glass beside its chilled can, a good head on the beer, condensation on both"
110,rastamonkief.jpg,rastamonkief,Rastamon Kief,Concentrate,concentrate,YES,4,500.00,"a small clear glass jar of cannabis concentrate, a metal dab tool lifting a thick glossy amber strand, the resin glowing warm where light passes through"
111,ravenipa.jpg,ravenipa,Raven IPA,Beer,beer,YES,4,300.00,"Raven IPA poured into a clean glass beside its chilled can, a good head on the beer, condensation on both"
112,seedsiamseedbank.jpg,seedsiamseedbank,Seed Siam seed bank ( Sofem - Walipini ),Seed,seed,YES,4,3500.00,a few cannabis seeds with dark tiger-striped shells on a piece of slate beside a tiny glass vial
113,sourbubbleshash.jpg,sourbubbleshash,Sour Bubbles Hash,Concentrate,concentrate,YES,4,700.00,"a small clear glass jar of cannabis concentrate, a metal dab tool lifting a thick glossy amber strand, the resin glowing warm where light passes through"
114,thaiteagreentea.jpg,thaiteagreentea,Thai tea / Green tea,Drink,drink,YES,4,50.00,"Thai tea / Green tea served in the glass it belongs in, condensation on the glass, garnish if it has one, fresh and cold"
115,wilaweizen.jpg,wilaweizen,wila weizen,Beer,beer,YES,4,250.00,"wila weizen poured into a clean glass beside its chilled can, a good head on the beer, condensation on both"
116,yaksapaleale.jpg,yaksapaleale,Yaksa Pale Ale,Beer,beer,YES,4,250.00,"Yaksa Pale Ale poured into a clean glass beside its chilled can, a good head on the beer, condensation on both"
117,yaksasessionipa.jpg,yaksasessionipa,Yaksa Session IPA,Beer,beer,YES,4,250.00,"Yaksa Session IPA poured into a clean glass beside its chilled can, a good head on the beer, condensation on both"
118,aceagavelime.jpg,aceagavelime,ACE Agave Lime,Beer,beer,YES,3,300.00,"ACE Agave Lime poured into a clean glass beside its chilled can, a good head on the beer, condensation on both"
119,bongxl.jpg,bongxl,Bong XL ( 50 cm ),Accessories,gear,YES,3,1500.00,"Bong XL ( 50 cm ), a piece of smoking equipment, standing upright with its material and finish clearly readable"
120,cbdoilfordogs150mg.jpg,cbdoilfordogs150mg,Cbd Oil For Dogs 150 Mg,CBD,cbd,YES,3,990.00,"Cbd Oil For Dogs 150 Mg, a CBD wellness product, standing upright with its form clearly readable"
121,cookie50mg.jpg,cookie50mg,Cookie 50 Mg,Edible,edible,YES,3,350.00,"Cookie 50 Mg, a cannabis edible, on a small dark slate plate with a few pieces arranged so the texture reads clearly"
122,durbanpoisonjoint.jpg,durbanpoisonjoint,Durban Poison Joint,Pre-Roll,preroll,YES,3,250.00,"a single cannabis pre-roll joint at a slight diagonal, unlit, clean white paper with a neat tip, a small mound of freshly ground green flower beside it"
123,grinderphoenixstarsilver.jpg,grinderphoenixstarsilver,Grinder Phoenix star Silver,Accessories,gear,YES,3,700.00,"Grinder Phoenix star Silver, a piece of smoking equipment, standing upright with its material and finish clearly readable"
124,9livetraysizel.jpg,9livetraysizel,9live TRAY Size L,Equipment,gear,YES,2,300.00,"9live TRAY Size L, a piece of smoking equipment, standing upright with its material and finish clearly readable"
125,auraclnightcbn100mgcbd500mg.jpg,auraclnightcbn100mgcbd500mg,Auracl Night [cbn 100mg/cbd 500mg],CBD,cbd,YES,2,1990.00,"Auracl Night [cbn 100mg/cbd 500mg], a CBD wellness product, standing upright with its form clearly readable"
126,bongphoenixsizel.jpg,bongphoenixsizel,Bong Phoenix Size L,Accessories,gear,YES,2,4200.00,"Bong Phoenix Size L, a piece of smoking equipment, standing upright with its material and finish clearly readable"
127,bongphoenixstarsizem.jpg,bongphoenixstarsizem,Bong Phoenix star size M,Accessories,gear,YES,2,2400.00,"Bong Phoenix star size M, a piece of smoking equipment, standing upright with its material and finish clearly readable"
128,bongphoenixstarsizes.jpg,bongphoenixstarsizes,Bong Phoenix star size S,Accessories,gear,YES,2,1500.00,"Bong Phoenix star size S, a piece of smoking equipment, standing upright with its material and finish clearly readable"
129,bongsmallsize.jpg,bongsmallsize,Bong small size ( 25 cm ),Accessories,gear,YES,2,750.00,"Bong small size ( 25 cm ), a piece of smoking equipment, standing upright with its material and finish clearly readable"
130,cannabistea.jpg,cannabistea,cannabis tea,CBD,drink,YES,2,300.00,"cannabis tea served in the glass it belongs in, condensation on the glass, garnish if it has one, fresh and cold"
131,cbdbalmgel.jpg,cbdbalmgel,Cbd Balm Gel (ยาหมองเจล Cbd),CBD,cbd,YES,2,200.00,"Cbd Balm Gel (ยาหมองเจล Cbd), a CBD wellness product, standing upright with its form clearly readable"
132,cbdborneooil.jpg,cbdborneooil,Cbd Borneo Oil (Cbd พิมเสนน้ำ),CBD,cbd,YES,2,150.00,"Cbd Borneo Oil (Cbd พิมเสนน้ำ), a CBD wellness product, standing upright with its form clearly readable"
133,cbdmassageoil.jpg,cbdmassageoil,Cbd Massage Oil,CBD,cbd,YES,2,350.00,"Cbd Massage Oil, a CBD wellness product, standing upright with its form clearly readable"
134,cbdoilfullspectrum1000mg.jpg,cbdoilfullspectrum1000mg,Cbd oil full spectrum 1000 mg,CBD,cbd,YES,2,1790.00,"Cbd oil full spectrum 1000 mg, a CBD wellness product, standing upright with its form clearly readable"
135,cbdvitus10f.jpg,cbdvitus10f,CBD VITUS 10F,CBD,cbd,YES,2,900.00,"CBD VITUS 10F, a CBD wellness product, standing upright with its form clearly readable"
136,cbdvtrus5f.jpg,cbdvtrus5f,CBD VTRUS 5F,CBD,cbd,YES,2,790.00,"CBD VTRUS 5F, a CBD wellness product, standing upright with its form clearly readable"
137,durbanzjoint.jpg,durbanzjoint,Durban Z Joint,Pre-Roll,preroll,YES,2,350.00,"a single cannabis pre-roll joint at a slight diagonal, unlit, clean white paper with a neat tip, a small mound of freshly ground bright lime-green flower beside it. Strain: Durban Z Joint (Sativa-dominant Hybrid, THC 20-27%), tasting of lemon, citrus, candy"
138,elevenrosekief.jpg,elevenrosekief,Eleven Rose Kief,Concentrate,concentrate,YES,2,500.00,"a small clear glass jar of cannabis concentrate, a metal dab tool lifting a thick glossy amber strand, the resin glowing warm where light passes through"
139,greenbirdcbdsoftgel.jpg,greenbirdcbdsoftgel,greenbird cbd softgel,CBD,cbd,YES,2,1500.00,"greenbird cbd softgel, a CBD wellness product, standing upright with its form clearly readable"
140,guantanamerahabana.jpg,guantanamerahabana,Guantanamera habana,Cigar,nicotine,YES,2,700.00,"Guantanamera habana standing upright, its shape and proportions clearly readable"
141,lcgbx2joint.jpg,lcgbx2joint,LCG BX 2 Joint,Pre-Roll,preroll,YES,2,400.00,"a single cannabis pre-roll joint at a slight diagonal, unlit, clean white paper with a neat tip, a small mound of freshly ground green flower beside it"
142,lemonsoapjoint.jpg,lemonsoapjoint,Lemon Soap Joint,Pre-Roll,preroll,YES,2,250.00,"a single cannabis pre-roll joint at a slight diagonal, unlit, clean white paper with a neat tip, a small mound of freshly ground bright lime-green flower beside it"
143,livity420sparklingwineabv6thc3.jpg,livity420sparklingwineabv6thc3,Livity420 Sparkling Wine Abv6% Thc3%,Drink,drink,YES,2,250.00,"Livity420 Sparkling Wine Abv6% Thc3% served in the glass it belongs in, condensation on the glass, garnish if it has one, fresh and cold"
144,rawclassicsize14.jpg,rawclassicsize14,Raw Classic Size 1/4,Accessories,gear,YES,2,60.00,"Raw Classic Size 1/4, a piece of smoking equipment, standing upright with its material and finish clearly readable"
145,sanenicotinepouches4mg.jpg,sanenicotinepouches4mg,Sane Nicotine Pouches 4 mg,Nicotine,nicotine,YES,2,300.00,"Sane Nicotine Pouches 4 mg standing upright, its shape and proportions clearly readable"
146,sourbeltdevourgummies3000mg.jpg,sourbeltdevourgummies3000mg,Sour Belt devour Gummies 3000 Mg,Edible,edible,YES,2,3000.00,"Sour Belt devour Gummies 3000 Mg, a cannabis edible, on a small dark slate plate with a few pieces arranged so the texture reads clearly"
147,superlemonhazejoint.jpg,superlemonhazejoint,super lemon haze joint,Pre-Roll,preroll,YES,2,250.00,"a single cannabis pre-roll joint at a slight diagonal, unlit, clean white paper with a neat tip, a small mound of freshly ground bright lime-green flower beside it"
148,weedforrolljointreview.jpg,weedforrolljointreview,weed for roll joint review ( inventory ),Pre-Roll,preroll,YES,2,,"a single cannabis pre-roll joint at a slight diagonal, unlit, clean white paper with a neat tip, a small mound of freshly ground green flower beside it"
149,auracldaycbg100mgcbd500mg.jpg,auracldaycbg100mgcbd500mg,Auracl Day [cbg 100mg/cbd 500mg],CBD,cbd,YES,1,1990.00,"Auracl Day [cbg 100mg/cbd 500mg], a CBD wellness product, standing upright with its form clearly readable"
150,cannabisoil2mgsalus.jpg,cannabisoil2mgsalus,Cannabis oil 2mg salus,CBD,cbd,YES,1,590.00,"Cannabis oil 2mg salus, a CBD wellness product, standing upright with its form clearly readable"
151,cannopicbdbotanicalhandbodywash285ml.jpg,cannopicbdbotanicalhandbodywash285ml,Cannopi  cbd botanical hand&body wash 285 ml.,CBD,cbd,YES,1,890.00,"Cannopi  cbd botanical hand&body wash 285 ml., a CBD wellness product, standing upright with its form clearly readable"
152,cannopicbdserenepillowmist100ml.jpg,cannopicbdserenepillowmist100ml,Cannopi cbd serene pillow mist 100ml,CBD,cbd,YES,1,790.00,"Cannopi cbd serene pillow mist 100ml, a CBD wellness product, standing upright with its form clearly readable"
153,cbdauracl.jpg,cbdauracl,CBD Auracl,CBD,cbd,YES,1,890.00,"CBD Auracl, a CBD wellness product, standing upright with its form clearly readable"
154,cbdbalancearomamassagebodyoil200ml.jpg,cbdbalancearomamassagebodyoil200ml,cbd balance aroma massage& body oil 200ml.,,cbd,YES,1,890.00,"cbd balance aroma massage& body oil 200ml., a CBD wellness product, standing upright with its form clearly readable"
155,charoensookfarm.jpg,charoensookfarm,charoensook farm,CBD,cbd,YES,1,450.00,"charoensook farm, a CBD wellness product, standing upright with its form clearly readable"
156,devoursnanogummies500mg.jpg,devoursnanogummies500mg,Devours Nano Gummies 500mg,Edible,edible,YES,1,1800.00,"Devours Nano Gummies 500mg, a cannabis edible, on a small dark slate plate with a few pieces arranged so the texture reads clearly"
157,dogfruithash.jpg,dogfruithash,Dog Fruit Hash,Concentrate,concentrate,YES,1,700.00,"a small clear glass jar of cannabis concentrate, a metal dab tool lifting a thick glossy amber strand, the resin glowing warm where light passes through"
158,ediblelandgummy500mg.jpg,ediblelandgummy500mg,EdibleLand Gummy 500MG,Edible,edible,YES,1,1000.00,"EdibleLand Gummy 500MG, a cannabis edible, on a small dark slate plate with a few pieces arranged so the texture reads clearly"
159,fitlyproteinbar.jpg,fitlyproteinbar,Fitly Protein bar,Snack,food,YES,1,100.00,"Fitly Protein bar plated on dark ceramic seen from a high angle, fresh and steaming, styled like a bar-kitchen menu photograph"
160,greenbirdhempseed.jpg,greenbirdhempseed,Greenbird hempseed,CBD,seed,YES,1,990.00,a few cannabis seeds with dark tiger-striped shells on a piece of slate beside a tiny glass vial
161,grinderaluminum2place.jpg,grinderaluminum2place,Grinder Aluminum 2 Place,Accessories,gear,YES,1,700.00,"Grinder Aluminum 2 Place, a piece of smoking equipment, standing upright with its material and finish clearly readable"
162,punchpetitcoronation.jpg,punchpetitcoronation,Punch Petit Coronation,Cigar,nicotine,YES,1,1000.00,"Punch Petit Coronation standing upright, its shape and proportions clearly readable"
163,quinterobrevas.jpg,quinterobrevas,Quintero Brevas,Cigar,nicotine,YES,1,550.00,"Quintero Brevas standing upright, its shape and proportions clearly readable"
164,rawclassickingsizetip.jpg,rawclassickingsizetip,Raw Classic Kingsize + Tip,Accessories,gear,YES,1,150.00,"Raw Classic Kingsize + Tip, a piece of smoking equipment, standing upright with its material and finish clearly readable"
165,romeoyjulietamillefleur.jpg,romeoyjulietamillefleur,Romeo Y Julieta Mille Fleur,Cigar,nicotine,YES,1,1200.00,"Romeo Y Julieta Mille Fleur standing upright, its shape and proportions clearly readable"
166,romeoyjulietano3.jpg,romeoyjulietano3,Romeo Y Julieta No.3,Cigar,nicotine,YES,1,1500.00,"Romeo Y Julieta No.3 standing upright, its shape and proportions clearly readable"
167,romeoyjulietapuritos.jpg,romeoyjulietapuritos,Romeo Y Julieta Puritos,Cigar,nicotine,YES,1,1500.00,"Romeo Y Julieta Puritos standing upright, its shape and proportions clearly readable"
168,unikornbong.jpg,unikornbong,Unikorn Bong,Accessories,gear,YES,1,1400.00,"Unikorn Bong, a piece of smoking equipment, standing upright with its material and finish clearly readable"
169,vtrusnormal.jpg,vtrusnormal,Vtrus normal,CBD,cbd,YES,1,890.00,"Vtrus normal, a CBD wellness product, standing upright with its form clearly readable"
170,zynnicotinemedium.jpg,zynnicotinemedium,Zyn nicotine Medium,Nicotine,nicotine,YES,1,400.00,"Zyn nicotine Medium standing upright, its shape and proportions clearly readable"
171,durbanz.jpg,durbanz,Durban Z,Exotics,flower,YES,0.08,600.00,"one premium cannabis bud standing upright, dense and compact, thickly frosted with sugary trichomes, bright orange pistils curling through the bright lime-green leaves. Strain: Durban Z (Sativa-dominant Hybrid, THC 20-27%), tasting of lemon, citrus, candy"
172,9livestraymsize.jpg,9livestraymsize,9 lives Tray M size,Equipment,gear,no,0,200.00,"9 lives Tray M size, a piece of smoking equipment, standing upright with its material and finish clearly readable"
173,ananipabeer.jpg,ananipabeer,Anan Ipa Beer,Beer,beer,no,0,250.00,"Anan Ipa Beer poured into a clean glass beside its chilled can, a good head on the beer, condensation on both"
174,animaltiramisujoint.jpg,animaltiramisujoint,Animal Tiramisu Joint,Pre-Roll,preroll,no,0,300.00,"a single cannabis pre-roll joint at a slight diagonal, unlit, clean white paper with a neat tip, a small mound of freshly ground green flower beside it"
175,asia420.jpg,asia420,Asia 420,,other,no,0,300.00,"Asia 420, presented simply so the product itself is unmistakable"
176,backwoodpiece.jpg,backwoodpiece,Backwood piece ( mix flavor ),Blunt,blunt,no,0,180.00,"a single cannabis blunt, unlit, in a dark tobacco leaf wrap with a visible seam, two whole buds behind it slightly out of focus"
177,bangkoklemon1joint.jpg,bangkoklemon1joint,Bangkok Lemon 1 Joint,Pre-Roll,preroll,no,0,200.00,"a single cannabis pre-roll joint at a slight diagonal, unlit, clean white paper with a neat tip, a small mound of freshly ground bright lime-green flower beside it"
178,bigchief2000mg.jpg,bigchief2000mg,big chief 2000 mg,Vape,vape,no,0,2200.00,"one sleek cannabis vape cartridge standing upright, amber oil visible through a small glass window, a soft reflection beneath it"
179,bigchiefdou.jpg,bigchiefdou,big chief DOU,Vape,vape,no,0,2500.00,"one sleek cannabis vape cartridge standing upright, amber oil visible through a small glass window, a soft reflection beneath it"
180,blackwoodchocolate.jpg,blackwoodchocolate,Blackwood chocolate,Equipment,edible,no,0,750.00,"Blackwood chocolate, a cannabis edible, on a small dark slate plate with a few pieces arranged so the texture reads clearly"
181,blackwoodrussiancream.jpg,blackwoodrussiancream,Blackwood Russian Cream,Blunt,blunt,no,0,750.00,"a single cannabis blunt, unlit, in a dark tobacco leaf wrap with a visible seam, two whole buds behind it slightly out of focus"
182,bongmarinoxl.jpg,bongmarinoxl,Bong Marino Xl,Accessories,gear,no,0,1800.00,"Bong Marino Xl, a piece of smoking equipment, standing upright with its material and finish clearly readable"
183,bottlewater.jpg,bottlewater,Bottle Water,Drink,drink,no,0,20.00,"Bottle Water served in the glass it belongs in, condensation on the glass, garnish if it has one, fresh and cold"
184,bubblehash.jpg,bubblehash,Bubble hash,Concentrate,concentrate,no,0,500.00,"a small clear glass jar of cannabis concentrate, a metal dab tool lifting a thick glossy amber strand, the resin glowing warm where light passes through"
185,bubblegum.jpg,bubblegum,Bubblegum,Weed,flower,no,0,400.00,"one premium cannabis bud standing upright, dense and compact, thickly frosted with sugary trichomes, bright orange pistils curling through the green leaves"
186,burgerclassic.jpg,burgerclassic,Burger Classic,Food,food,no,0,200.00,"Burger Classic plated on dark ceramic seen from a high angle, fresh and steaming, styled like a bar-kitchen menu photograph"
187,camelbluecigarette.jpg,camelbluecigarette,Camel Blue Cigarette,Nicotine,nicotine,no,0,100.00,"Camel Blue Cigarette standing upright, its shape and proportions clearly readable"
188,canmak.jpg,canmak,canmak,,other,no,0,250.00,"canmak, presented simply so the product itself is unmistakable"
189,caramelbrownies100mg.jpg,caramelbrownies100mg,Caramel Brownies 100mg,Edible,edible,no,0,420.00,"Caramel Brownies 100mg, a cannabis edible, on a small dark slate plate with a few pieces arranged so the texture reads clearly"
190,chickenkaraage.jpg,chickenkaraage,Chicken Karaage,Food,food,no,0,150.00,"Chicken Karaage plated on dark ceramic seen from a high angle, fresh and steaming, styled like a bar-kitchen menu photograph"
191,chickennugget.jpg,chickennugget,chicken nugget,Food,food,no,0,,"chicken nugget plated on dark ceramic seen from a high angle, fresh and steaming, styled like a bar-kitchen menu photograph"
192,chickentender.jpg,chickentender,Chicken Tender,Food,food,no,0,150.00,"Chicken Tender plated on dark ceramic seen from a high angle, fresh and steaming, styled like a bar-kitchen menu photograph"
193,chocolatechipjoint.jpg,chocolatechipjoint,chocolate chip joint,,preroll,no,0,200.00,"a single cannabis pre-roll joint at a slight diagonal, unlit, clean white paper with a neat tip, a small mound of freshly ground green flower beside it"
194,chocolatecrip.jpg,chocolatecrip,chocolate crip,joint,preroll,no,0,400.00,"a single cannabis pre-roll joint at a slight diagonal, unlit, clean white paper with a neat tip, a small mound of freshly ground green flower beside it. Strain: chocolate crip (Hybrid)"
195,clipperjetlighter.jpg,clipperjetlighter,Clipper Jet Lighter,Accessories,gear,no,0,100.00,"Clipper Jet Lighter, a piece of smoking equipment, standing upright with its material and finish clearly readable"
196,cricketlighternormal.jpg,cricketlighternormal,Cricket Lighter normal,Accessories,gear,no,0,60.00,"Cricket Lighter normal, a piece of smoking equipment, standing upright with its material and finish clearly readable"
197,customwatch.jpg,customwatch,custom watch,Special / Merch,merch,no,0,5500.00,"custom watch laid flat and neatly arranged, fabric texture visible"
198,dankgrinder.jpg,dankgrinder,Dank Grinder,Equipment,gear,no,0,150.00,"Dank Grinder, a piece of smoking equipment, standing upright with its material and finish clearly readable"
199,dankgummies500mg.jpg,dankgummies500mg,Dank Gummies 500mg,Edible,edible,no,0,1000.00,"Dank Gummies 500mg, a cannabis edible, on a small dark slate plate with a few pieces arranged so the texture reads clearly"
200,deenaherbal.jpg,deenaherbal,Dee na herbal,CBD,cbd,no,0,150.00,"Dee na herbal, a CBD wellness product, standing upright with its form clearly readable"
201,designermarkerjoint.jpg,designermarkerjoint,Designer Marker Joint,Pre-Roll,preroll,no,0,400.00,"a single cannabis pre-roll joint at a slight diagonal, unlit, clean white paper with a neat tip, a small mound of freshly ground green flower beside it"
202,designermarker11.jpg,designermarker11,Designer Marker11,Exotics,flower,no,0,800.00,"one premium cannabis bud standing upright, dense and compact, thickly frosted with sugary trichomes, bright orange pistils curling through the green leaves. Strain: Designer Marker11 (Hybrid)"
203,devourthclean1000mg.jpg,devourthclean1000mg,Devour THC Lean 1000 Mg,Edible,edible,no,0,2500.00,"Devour THC Lean 1000 Mg, a cannabis edible, on a small dark slate plate with a few pieces arranged so the texture reads clearly"
204,devourxpolaroidgummiesmushroom5g.jpg,devourxpolaroidgummiesmushroom5g,Devour X Polaroid Gummies Mushroom 5G,Edible,edible,no,0,3500.00,"Devour X Polaroid Gummies Mushroom 5G, a cannabis edible, on a small dark slate plate with a few pieces arranged so the texture reads clearly"
205,dicktator.jpg,dicktator,Dicktator,,other,no,0,250.00,"Dicktator, presented simply so the product itself is unmistakable"
206,durianpop.jpg,durianpop,Durian Pop,Mid Grade,flower,no,0,400.00,"one premium cannabis bud standing upright, dense and compact, thickly frosted with sugary trichomes, bright orange pistils curling through the green leaves. Strain: Durian Pop (Hybrid)"
207,durianpopjoint.jpg,durianpopjoint,Durian Pop Joint,Pre-Roll,preroll,no,0,250.00,"a single cannabis pre-roll joint at a slight diagonal, unlit, clean white paper with a neat tip, a small mound of freshly ground green flower beside it. Strain: Durian Pop Joint (Hybrid)"
208,emergenc.jpg,emergenc,Emergen C,Exotics,flower,no,0,800.00,"one premium cannabis bud standing upright, dense and compact, thickly frosted with sugary trichomes, bright orange pistils curling through the bright lime-green leaves. Strain: Emergen C (Hybrid, THC 22%), tasting of orange, citrus, peach"
209,emergencjoint.jpg,emergencjoint,Emergen C Joint,joint,preroll,no,0,400.00,"a single cannabis pre-roll joint at a slight diagonal, unlit, clean white paper with a neat tip, a small mound of freshly ground bright lime-green flower beside it. Strain: Emergen C Joint (Hybrid, THC 22%), tasting of orange, citrus, peach"
210,fishstick.jpg,fishstick,Fish Stick,Food,food,no,0,150.00,"Fish Stick plated on dark ceramic seen from a high angle, fresh and steaming, styled like a bar-kitchen menu photograph"
211,frenchfried.jpg,frenchfried,French Fried,Food,food,no,0,100.00,"French Fried plated on dark ceramic seen from a high angle, fresh and steaming, styled like a bar-kitchen menu photograph"
212,fruityjuicy80realjuice.jpg,fruityjuicy80realjuice,Fruity Juicy 80%Real Juice,Drink,drink,no,0,60.00,"Fruity Juicy 80%Real Juice served in the glass it belongs in, condensation on the glass, garnish if it has one, fresh and cold"
213,gaslighterbigsizepp.jpg,gaslighterbigsizepp,Gas Lighter Big Size pp,Accessories,gear,no,0,300.00,"Gas Lighter Big Size pp, a piece of smoking equipment, standing upright with its material and finish clearly readable"
214,gemsnowpineappleexpressjoint.jpg,gemsnowpineappleexpressjoint,Gem Snow Pineapple Express Joint,Pre-Roll,preroll,no,0,450.00,"a single cannabis pre-roll joint at a slight diagonal, unlit, clean white paper with a neat tip, a small mound of freshly ground bright lime-green flower beside it. Strain: Gem Snow Pineapple Express Joint (Sativa-dominant Hybrid, THC 18-26%), tasting of pineapple, citrus, pine"
215,geminithinbrownie150mg.jpg,geminithinbrownie150mg,Gemini Thin Brownie 150Mg,Edible,edible,no,0,600.00,"Gemini Thin Brownie 150Mg, a cannabis edible, on a small dark slate plate with a few pieces arranged so the texture reads clearly"
216,goodchitpilsnerbeercan.jpg,goodchitpilsnerbeercan,good chit Pilsner beer(ชิตเบียร์) can,Beer,beer,no,0,200.00,"good chit Pilsner beer(ชิตเบียร์) can poured into a clean glass beside its chilled can, a good head on the beer, condensation on both"
217,granddadypurple.jpg,granddadypurple,Granddady purple,,other,no,0,800.00,"Granddady purple, presented simply so the product itself is unmistakable"
218,grapediamondhash.jpg,grapediamondhash,Grape Diamond Hash,Concentrate,concentrate,no,0,700.00,"a small clear glass jar of cannabis concentrate, a metal dab tool lifting a thick glossy amber strand, the resin glowing warm where light passes through"
219,gummieauraclday.jpg,gummieauraclday,Gummie auracl Day,CBD,cbd,no,0,790.00,"Gummie auracl Day, a CBD wellness product, standing upright with its form clearly readable"
220,gummieauraclnight.jpg,gummieauraclnight,Gummie auracl Night,CBD,cbd,no,0,790.00,"Gummie auracl Night, a CBD wellness product, standing upright with its form clearly readable"
221,halleberry.jpg,halleberry,Halle Berry,Equipment,gear,no,0,600.00,"Halle Berry, a piece of smoking equipment, standing upright with its material and finish clearly readable"
222,hashdryshift.jpg,hashdryshift,Hash Dry shift,,concentrate,no,0,400.00,"a small clear glass jar of cannabis concentrate, a metal dab tool lifting a thick glossy amber strand, the resin glowing warm where light passes through"
223,icecreametebolarn.jpg,icecreametebolarn,Ice Cream Ete Bolarn,Snack,food,no,0,50.00,"Ice Cream Ete Bolarn plated on dark ceramic seen from a high angle, fresh and steaming, styled like a bar-kitchen menu photograph"
224,jointsreview.jpg,jointsreview,Joints Review,Pre-Roll,preroll,no,0,150.00,"a single cannabis pre-roll joint at a slight diagonal, unlit, clean white paper with a neat tip, a small mound of freshly ground green flower beside it"
225,kratommixsyrup.jpg,kratommixsyrup,kratom mix syrup,Drink,drink,no,0,150.00,"kratom mix syrup served in the glass it belongs in, condensation on the glass, garnish if it has one, fresh and cold"
226,kushwrapsblunt.jpg,kushwrapsblunt,"kush wraps blunt (green,pink)",Accessories,blunt,no,0,150.00,"a single cannabis blunt, unlit, in a dark tobacco leaf wrap with a visible seam, two whole buds behind it slightly out of focus"
227,lemoncherrysoap.jpg,lemoncherrysoap,Lemon cherry Soap,Top Shelf,flower,no,0,600.00,"one premium cannabis bud standing upright, dense and compact, thickly frosted with sugary trichomes, bright orange pistils curling through the green with a red-purple blush leaves. Strain: Lemon cherry Soap (Indica-dominant Hybrid, THC 20-25%), tasting of mint, floral, fruity"
228,macaroni.jpg,macaroni,Macaroni,Food,food,no,0,200.00,"Macaroni plated on dark ceramic seen from a high angle, fresh and steaming, styled like a bar-kitchen menu photograph"
229,malibumarkerjoint.jpg,malibumarkerjoint,Malibu Marker Joint,Pre-Roll,preroll,no,0,400.00,"a single cannabis pre-roll joint at a slight diagonal, unlit, clean white paper with a neat tip, a small mound of freshly ground green flower beside it"
230,mangopassioncan.jpg,mangopassioncan,mango passion can,Beer,beer,no,0,250.00,"mango passion can poured into a clean glass beside its chilled can, a good head on the beer, condensation on both"
231,marbosalthubnicotinevape.jpg,marbosalthubnicotinevape,Marbo Salthub Nicotine Vape,Vape,vape,no,0,450.00,"one sleek cannabis vape cartridge standing upright, amber oil visible through a small glass window, a soft reflection beneath it"
232,monkeyhemppaper.jpg,monkeyhemppaper,Monkey Hemp paper,,gear,no,0,100.00,"Monkey Hemp paper, a piece of smoking equipment, standing upright with its material and finish clearly readable"
233,mrpcleaningsolution.jpg,mrpcleaningsolution,Mrp Cleaning Solution,Equipment,gear,no,0,150.00,"Mrp Cleaning Solution, a piece of smoking equipment, standing upright with its material and finish clearly readable"
234,nacho.jpg,nacho,Nacho,Food,food,no,0,,"Nacho plated on dark ceramic seen from a high angle, fresh and steaming, styled like a bar-kitchen menu photograph"
235,partagasmillefleurs.jpg,partagasmillefleurs,Partagas Mille Fleurs,Cigar,nicotine,no,0,800.00,"Partagas Mille Fleurs standing upright, its shape and proportions clearly readable"
236,partypopper.jpg,partypopper,Party Popper,Exotics,flower,no,0,800.00,"one premium cannabis bud standing upright, dense and compact, thickly frosted with sugary trichomes, bright orange pistils curling through the green leaves. Strain: Party Popper (Indica-dominant Hybrid), tasting of candy, floral, gas"
237,permanentbx1joint.jpg,permanentbx1joint,Permanent bx1 Joint,Pre-Roll,preroll,no,0,400.00,"a single cannabis pre-roll joint at a slight diagonal, unlit, clean white paper with a neat tip, a small mound of freshly ground green flower beside it. Strain: Permanent bx1 Joint (Indica-dominant Hybrid, THC 26-29%), tasting of gas, candy, floral"
238,pineapplebangjoint.jpg,pineapplebangjoint,Pine apple Bang Joint,,preroll,no,0,300.00,"a single cannabis pre-roll joint at a slight diagonal, unlit, clean white paper with a neat tip, a small mound of freshly ground bright lime-green flower beside it. Strain: Pine apple Bang Joint (Hybrid), tasting of diesel, orange, mint"
239,pineapplebang.jpg,pineapplebang,Pineapple Bang,Mid Grade,flower,no,0,400.00,"one premium cannabis bud standing upright, dense and compact, thickly frosted with sugary trichomes, bright orange pistils curling through the bright lime-green leaves. Strain: Pineapple Bang (Hybrid), tasting of diesel, orange, mint"
240,pipe.jpg,pipe,Pipe,Equipment,gear,no,0,400.00,"Pipe, a piece of smoking equipment, standing upright with its material and finish clearly readable"
241,pomegranatewheat.jpg,pomegranatewheat,Pomegranate Wheat,Beer,beer,no,0,200.00,"Pomegranate Wheat poured into a clean glass beside its chilled can, a good head on the beer, condensation on both"
242,popcorn.jpg,popcorn,Pop corn,Food,food,no,0,80.00,"Pop corn plated on dark ceramic seen from a high angle, fresh and steaming, styled like a bar-kitchen menu photograph"
243,potatowadge.jpg,potatowadge,Potato Wadge,Food,food,no,0,,"Potato Wadge plated on dark ceramic seen from a high angle, fresh and steaming, styled like a bar-kitchen menu photograph"
244,pressure.jpg,pressure,Pressure,Exotics,flower,no,0,800.00,"one premium cannabis bud standing upright, dense and compact, thickly frosted with sugary trichomes, bright orange pistils curling through the bright lime-green leaves. Strain: Pressure (Hybrid, THC 21%), tasting of citrus, pepper, orange"
245,pressurejoit.jpg,pressurejoit,pressure joit,,other,no,0,300.00,"pressure joit, presented simply so the product itself is unmistakable"
246,rawblackkingsizetip.jpg,rawblackkingsizetip,Raw Black Kingsize+tip,Accessories,gear,no,0,150.00,"Raw Black Kingsize+tip, a piece of smoking equipment, standing upright with its material and finish clearly readable"
247,resdabeachbeer.jpg,resdabeachbeer,Resda Beach Beer,Beer,beer,no,0,250.00,"Resda Beach Beer poured into a clean glass beside its chilled can, a good head on the beer, condensation on both"
248,reviewjoint.jpg,reviewjoint,Review Joint,joint,preroll,no,0,200.00,"a single cannabis pre-roll joint at a slight diagonal, unlit, clean white paper with a neat tip, a small mound of freshly ground green flower beside it"
249,romeoyjulietano2.jpg,romeoyjulietano2,Romeo Y Julieta No.2,Cigar,nicotine,no,0,1071.00,"Romeo Y Julieta No.2 standing upright, its shape and proportions clearly readable"
250,runtofeden.jpg,runtofeden,runt of eden,,other,no,0,400.00,"runt of eden, presented simply so the product itself is unmistakable"
251,sessionsbigbowl.jpg,sessionsbigbowl,Sessions Big Bowl,Equipment,gear,no,0,200.00,"Sessions Big Bowl, a piece of smoking equipment, standing upright with its material and finish clearly readable"
252,slimjimcarbonfilter.jpg,slimjimcarbonfilter,Slim Jim Carbon Filter,Accessories,gear,no,0,150.00,"Slim Jim Carbon Filter, a piece of smoking equipment, standing upright with its material and finish clearly readable"
253,slimjimcarbonfilter7mm.jpg,slimjimcarbonfilter7mm,slim Jim carbon filter 7mm,Accessories,gear,no,0,120.00,"slim Jim carbon filter 7mm, a piece of smoking equipment, standing upright with its material and finish clearly readable"
254,slimjimfilter6mmpack.jpg,slimjimfilter6mmpack,Slim Jim Filter 6mm pack,Accessories,gear,no,0,150.00,"Slim Jim Filter 6mm pack, a piece of smoking equipment, standing upright with its material and finish clearly readable"
255,snack.jpg,snack,Snack,Snack,food,no,0,40.00,"Snack plated on dark ceramic seen from a high angle, fresh and steaming, styled like a bar-kitchen menu photograph"
256,spaghetti.jpg,spaghetti,Spaghetti,Food,food,no,0,200.00,"Spaghetti plated on dark ceramic seen from a high angle, fresh and steaming, styled like a bar-kitchen menu photograph"
257,strawberrycheesecakejoint.jpg,strawberrycheesecakejoint,Strawberry Cheesecake Joint,Pre-Roll,preroll,no,0,250.00,"a single cannabis pre-roll joint at a slight diagonal, unlit, clean white paper with a neat tip, a small mound of freshly ground deep purple-green flower beside it"
258,superlemonhaze.jpg,superlemonhaze,Super lemon haze,Weed,flower,no,0,400.00,"one premium cannabis bud standing upright, dense and compact, thickly frosted with sugary trichomes, bright orange pistils curling through the bright lime-green leaves"
259,teatimejoint.jpg,teatimejoint,Tea Time Joint,Pre-Roll,preroll,no,0,400.00,"a single cannabis pre-roll joint at a slight diagonal, unlit, clean white paper with a neat tip, a small mound of freshly ground bright lime-green flower beside it. Strain: Tea Time Joint (Hybrid, THC 28-30%), tasting of candy, citrus, pine"
260,thongpraditipacan490ml.jpg,thongpraditipacan490ml,Thongpradit Ipa Can 490Ml,Beer,beer,no,0,250.00,"Thongpradit Ipa Can 490Ml poured into a clean glass beside its chilled can, a good head on the beer, condensation on both"
261,torchlighter.jpg,torchlighter,Torch Lighter,Accessories,gear,no,0,120.00,"Torch Lighter, a piece of smoking equipment, standing upright with its material and finish clearly readable"
262,trehouse35gvape.jpg,trehouse35gvape,Tre house 3.5G vape.,Vape,vape,no,0,3500.00,"one sleek cannabis vape cartridge standing upright, amber oil visible through a small glass window, a soft reflection beneath it"
263,weedblunt.jpg,weedblunt,Weed Blunt,,blunt,no,0,1500.00,"a single cannabis blunt, unlit, in a dark tobacco leaf wrap with a visible seam, two whole buds behind it slightly out of focus"
264,whitelotusshake.jpg,whitelotusshake,White Lotus Shake,Exotics,flower,no,0,800.00,"one premium cannabis bud standing upright, dense and compact, thickly frosted with sugary trichomes, bright orange pistils curling through the bright lime-green leaves. Strain: White Lotus Shake (Hybrid, THC 20%), tasting of citrus, pineapple, earthy"
265,wholemeltliveresinwax.jpg,wholemeltliveresinwax,whole melt live resin wax,Concentrate,concentrate,no,0,1400.00,"a small clear glass jar of cannabis concentrate, a metal dab tool lifting a thick glossy amber strand, the resin glowing warm where light passes through"
266,regencyontherock.jpg,regencyontherock,Regency on therock,,other,no,-1,200.00,"Regency on therock, presented simply so the product itself is unmistakable"
267,fireballshot.jpg,fireballshot,Fireball shot,,other,no,-2,200.00,"Fireball shot, presented simply so the product itself is unmistakable"
268,ginshot.jpg,ginshot,gin shot,,other,no,-2,200.00,"gin shot, presented simply so the product itself is unmistakable"
269,santoryontherock.jpg,santoryontherock,santory ontherock,,other,no,-2,300.00,"santory ontherock, presented simply so the product itself is unmistakable"
270,vodka.jpg,vodka,vodka,,other,no,-2,214.00,"vodka, presented simply so the product itself is unmistakable"
271,gintonic.jpg,gintonic,Gin tonic,,other,no,-5,321.00,"Gin tonic, presented simply so the product itself is unmistakable"
